{
  "controller/App.controller.js": 1601902592548,
  "Component.js": 1601902592544,
  "model/models.js": 1601902592552,
  "model/formatter.js": 1601902592548,
  "controller/NotFound.controller.js": 1601902592548,
  "controller/Master.controller.js": 1601902592548,
  "controller/ListSelector.js": 1601902592548,
  "controller/ErrorHandler.js": 1601902592548,
  "controller/DetailObjectNotFound.js": 1601902592548,
  "controller/DetailObjectNotFound.controller.js": 1601902592548,
  "controller/Detail.controller.js": 1601902592548,
  "controller/BaseController.js": 1601902592548,
  "i18n/i18n.properties": 1601902592548,
  "manifest.json": 1601903538739,
  "manifest-bundle.zip": 1601903538281,
  "Component-preload.js": 1601903538645,
  "controller/ListSelector-dbg.js": 1601902592548,
  "model/formatter-dbg.js": 1601902592548,
  "controller/NotFound-dbg.controller.js": 1601902592548,
  "controller/Master-dbg.controller.js": 1601902592548,
  "model/models-dbg.js": 1601902592552,
  "controller/ErrorHandler-dbg.js": 1601902592548,
  "controller/DetailObjectNotFound-dbg.js": 1601902592548,
  "controller/DetailObjectNotFound-dbg.controller.js": 1601902592548,
  "controller/Detail-dbg.controller.js": 1601902592548,
  "controller/BaseController-dbg.js": 1601902592548,
  "controller/App-dbg.controller.js": 1601902592548,
  "Component-dbg.js": 1601902592544,
  "resources.json": 1601903538742,
  "view/ViewSettingsDialog.fragment.xml": 1601902592560,
  "view/NotFound.view.xml": 1601902592560,
  "view/Master.view.xml": 1601902592560,
  "view/DetailObjectNotFound.view.xml": 1601902592556,
  "view/Detail.view.xml": 1601902592556,
  "view/App.view.xml": 1601902592556,
  "test.html": 1601902592552,
  "index.html": 1601902592548
}